title,status,xml_filename,mscz_filename,engraver,comments
At Twilight, not started
Blithe Bells, not started
Brigg Fair, not started
Children's March, not started
Colonial Song, not started
Country Gardens, not started
Dedication, not started
The Duke of Marlborough Fanfare, not started
Eastern Intermezzo, not started
English Dance, not started
Father and Daughter, not started
Green Bushes, not started
Handel in the Strand, not started
Harvest Hymn, not started
The Hunter in His Career,not started
I'm Seventeen Come Sunday, not started
The Immovable Do,started,n/a,n/a,Alejandro Bonilla
In a Nutshell,not started
In Dahomey,not started
The Inuit,not started
Irish Tune from County Derry,not started
Knight and Shepherd's Daughter,not started
Lincolnshire Posy,started,n/a,n/a,Alejandro Bonilla,'Horkstow Grange' complete. 'Dublin Bay' mostly complete. Only the first few measures of 'Rufford Park Poachers' and 'The Lost Lady Found' complete.
Marching Song of Democracy,not started
The Merry Wedding,not started
Mock Morris,not started
Molly on the Shore,not started
2 Musical Relics of My Mother,started,Two Musical Relics of My Mother.xml,Two Musical Relics of My Mother.mscz,Alejandro Bonilla, First movement complete. Second movement in progress.
My Robin is to the Greenwood Gone,not started
One More Day My John,not started
Paraphrase on Tchaikovsky's Flower Waltz,not started
The Power of Rome and the Christian Heart,not started
The Pretty Maid Milkin' Her Cow,not started
A Reiver's Neck-Verse,not started
Scotch Strathspey and Reel,not started
Shallow Brown,not started
Shepherd's Hey,not started
Sir Eglamore,not started
Six Dukes Went Afishin',not started
Spoon River,not started
The Sussex Mummers' Christmas Carol,not started
There was a Pig went Out to Dig,not started
To a Nordic Princess,not started
Tribute to Foster,not started
The Twa Corbies,not started
Walking Tune,not started
The Warriors,not started
Willow Willow,not started
Ye Banks and Braes o' Bonnie Doon,not started
Youthful Rapture,not started
Youthful Suite,not started
Zanzibar Boat-Song,not started